addpd, FUNCTION, (addpdInstr), SSE/AVX Instruction, SSE
addps, FUNCTION, (addpsInstr), SSE/AVX Instruction, SSE
addsd, FUNCTION, (addsdInstr), SSE/AVX Instruction, SSE
addss, FUNCTION, (addssInstr), SSE/AVX Instruction, SSE
addsubpd, FUNCTION, (addsubpdInstr), SSE/AVX Instruction, SSE
addsubps, FUNCTION, (addsubpsInstr), SSE/AVX Instruction, SSE
aesdec, FUNCTION, (aesdecInstr), SSE/AVX Instruction, SSE
aesdeclast, FUNCTION, (aesdeclastInstr), SSE/AVX Instruction, SSE
aesenc, FUNCTION, (aesencInstr), SSE/AVX Instruction, SSE
aesenclast, FUNCTION, (aesenclastInstr), SSE/AVX Instruction, SSE
aesimc, FUNCTION, (aesimcInstr), SSE/AVX Instruction, SSE
aeskeygenassist, FUNCTION, (aeskeygenassistInstr), SSE/AVX Instruction, SSE
andnpd, FUNCTION, (andnpdInstr), SSE/AVX Instruction, SSE
andnps, FUNCTION, (andnpsInstr), SSE/AVX Instruction, SSE
andpd, FUNCTION, (andpdInstr), SSE/AVX Instruction, SSE
andps, FUNCTION, (andpsInstr), SSE/AVX Instruction, SSE
blendpd, FUNCTION, (blendpdInstr), SSE/AVX Instruction, SSE
blendps, FUNCTION, (blendpsInstr), SSE/AVX Instruction, SSE
blendvpd, FUNCTION, (blendvpdInstr), SSE/AVX Instruction, SSE
blendvps, FUNCTION, (blendvpsInstr), SSE/AVX Instruction, SSE
cmppd, FUNCTION, (cmppdInstr), SSE/AVX Instruction, SSE
cmpps, FUNCTION, (cmppsInstr), SSE/AVX Instruction, SSE
cmpsd, FUNCTION, (cmpsdInstr), SSE/AVX Instruction, SSE
cmpss, FUNCTION, (cmpssInstr), SSE/AVX Instruction, SSE
comisd, FUNCTION, (comisdInstr), SSE/AVX Instruction, SSE
comiss, FUNCTION, (comissInstr), SSE/AVX Instruction, SSE
cvtdq2pd, FUNCTION, (cvtdq2pdInstr), SSE/AVX Instruction, SSE
cvtdq2ps, FUNCTION, (cvtdq2psInstr), SSE/AVX Instruction, SSE
cvtpd2dq, FUNCTION, (cvtpd2dqInstr), SSE/AVX Instruction, SSE
cvtpd2ps, FUNCTION, (cvtpd2psInstr), SSE/AVX Instruction, SSE
cvtps2dq, FUNCTION, (cvtps2dqInstr), SSE/AVX Instruction, SSE
cvtps2pd, FUNCTION, (cvtps2pdInstr), SSE/AVX Instruction, SSE
cvtsd2si, FUNCTION, (cvtsd2siInstr), SSE/AVX Instruction, SSE
cvtsd2ss, FUNCTION, (cvtsd2ssInstr), SSE/AVX Instruction, SSE
cvtsi2sd, FUNCTION, (cvtsi2sdInstr), SSE/AVX Instruction, SSE
cvtsi2ss, FUNCTION, (cvtsi2ssInstr), SSE/AVX Instruction, SSE
cvtss2sd, FUNCTION, (cvtss2sdInstr), SSE/AVX Instruction, SSE
cvtss2si, FUNCTION, (cvtss2siInstr), SSE/AVX Instruction, SSE
cvttpd2dq, FUNCTION, (cvttpd2dqInstr), SSE/AVX Instruction, SSE
cvttps2dq, FUNCTION, (cvttps2dqInstr), SSE/AVX Instruction, SSE
cvttsd2si, FUNCTION, (cvttsd2siInstr), SSE/AVX Instruction, SSE
cvttss2si, FUNCTION, (cvttss2siInstr), SSE/AVX Instruction, SSE
divpd, FUNCTION, (divpdInstr), SSE/AVX Instruction, SSE
divps, FUNCTION, (divpsInstr), SSE/AVX Instruction, SSE
divsd, FUNCTION, (divsdInstr), SSE/AVX Instruction, SSE
divss, FUNCTION, (divssInstr), SSE/AVX Instruction, SSE
dppd, FUNCTION, (dppdInstr), SSE/AVX Instruction, SSE
dpps, FUNCTION, (dppsInstr), SSE/AVX Instruction, SSE
extractps, FUNCTION, (extractpsInstr), SSE/AVX Instruction, SSE
extrq, FUNCTION, (extrqInstr), SSE/AVX Instruction, SSE
haddpd, FUNCTION, (haddpdInstr), SSE/AVX Instruction, SSE
haddps, FUNCTION, (haddpsInstr), SSE/AVX Instruction, SSE
hsubpd, FUNCTION, (hsubpdInstr), SSE/AVX Instruction, SSE
hsubps, FUNCTION, (hsubpsInstr), SSE/AVX Instruction, SSE
insertps, FUNCTION, (insertpsInstr), SSE/AVX Instruction, SSE
insertq, FUNCTION, (insertqInstr), SSE/AVX Instruction, SSE
lddqu, FUNCTION, (lddquInstr), SSE/AVX Instruction, SSE
ldmxcsr, FUNCTION, (ldmxcsrInstr), SSE/AVX Instruction, SSE
maskmovdqu, FUNCTION, (maskmovdquInstr), SSE/AVX Instruction, SSE
maxpd, FUNCTION, (maxpdInstr), SSE/AVX Instruction, SSE
maxps, FUNCTION, (maxpsInstr), SSE/AVX Instruction, SSE
maxsd, FUNCTION, (maxsdInstr), SSE/AVX Instruction, SSE
maxss, FUNCTION, (maxssInstr), SSE/AVX Instruction, SSE
minpd, FUNCTION, (minpdInstr), SSE/AVX Instruction, SSE
minps, FUNCTION, (minpsInstr), SSE/AVX Instruction, SSE
minsd, FUNCTION, (minsdInstr), SSE/AVX Instruction, SSE
minss, FUNCTION, (minssInstr), SSE/AVX Instruction, SSE
movapd, FUNCTION, (movapdInstr), SSE/AVX Instruction, SSE
movaps, FUNCTION, (movapsInstr), SSE/AVX Instruction, SSE
movd, FUNCTION, (movdInstr), SSE/AVX Instruction, SSE
movddup, FUNCTION, (movddupInstr), SSE/AVX Instruction, SSE
movdqa, FUNCTION, (movdqaInstr), SSE/AVX Instruction, SSE
movdqu, FUNCTION, (movdquInstr), SSE/AVX Instruction, SSE
movhlps, FUNCTION, (movhlpsInstr), SSE/AVX Instruction, SSE
movhpd, FUNCTION, (movhpdInstr), SSE/AVX Instruction, SSE
movhps, FUNCTION, (movhpsInstr), SSE/AVX Instruction, SSE
movlhps, FUNCTION, (movlhpsInstr), SSE/AVX Instruction, SSE
movlpd, FUNCTION, (movlpdInstr), SSE/AVX Instruction, SSE
movlps, FUNCTION, (movlpsInstr), SSE/AVX Instruction, SSE
movmskpd, FUNCTION, (movmskpdInstr), SSE/AVX Instruction, SSE
movmskps, FUNCTION, (movmskpsInstr), SSE/AVX Instruction, SSE
movntdq, FUNCTION, (movntdqInstr), SSE/AVX Instruction, SSE
movntdqa, FUNCTION, (movntdqaInstr), SSE/AVX Instruction, SSE
movntpd, FUNCTION, (movntpdInstr), SSE/AVX Instruction, SSE
movntps, FUNCTION, (movntpsInstr), SSE/AVX Instruction, SSE
movntsd, FUNCTION, (movntsdInstr), SSE/AVX Instruction, SSE
movntss, FUNCTION, (movntssInstr), SSE/AVX Instruction, SSE
movq, FUNCTION, (movqInstr), SSE/AVX Instruction, SSE
movsd, FUNCTION, (movsdInstr), SSE/AVX Instruction, SSE
movshdup, FUNCTION, (movshdupInstr), SSE/AVX Instruction, SSE
movsldup, FUNCTION, (movsldupInstr), SSE/AVX Instruction, SSE
movss, FUNCTION, (movssInstr), SSE/AVX Instruction, SSE
movupd, FUNCTION, (movupdInstr), SSE/AVX Instruction, SSE
movups, FUNCTION, (movupsInstr), SSE/AVX Instruction, SSE
mpsadbw, FUNCTION, (mpsadbwInstr), SSE/AVX Instruction, SSE
mulpd, FUNCTION, (mulpdInstr), SSE/AVX Instruction, SSE
mulps, FUNCTION, (mulpsInstr), SSE/AVX Instruction, SSE
mulsd, FUNCTION, (mulsdInstr), SSE/AVX Instruction, SSE
mulss, FUNCTION, (mulssInstr), SSE/AVX Instruction, SSE
orpd, FUNCTION, (orpdInstr), SSE/AVX Instruction, SSE
orps, FUNCTION, (orpsInstr), SSE/AVX Instruction, SSE
pabsb, FUNCTION, (pabsbInstr), SSE/AVX Instruction, SSE
pabsd, FUNCTION, (pabsdInstr), SSE/AVX Instruction, SSE
pabsw, FUNCTION, (pabswInstr), SSE/AVX Instruction, SSE
packssdw, FUNCTION, (packssdwInstr), SSE/AVX Instruction, SSE
packsswb, FUNCTION, (packsswbInstr), SSE/AVX Instruction, SSE
packusdw, FUNCTION, (packusdwInstr), SSE/AVX Instruction, SSE
packuswb, FUNCTION, (packuswbInstr), SSE/AVX Instruction, SSE
paddb, FUNCTION, (paddbInstr), SSE/AVX Instruction, SSE
paddd, FUNCTION, (padddInstr), SSE/AVX Instruction, SSE
paddq, FUNCTION, (paddqInstr), SSE/AVX Instruction, SSE
paddsb, FUNCTION, (paddsbInstr), SSE/AVX Instruction, SSE
paddsw, FUNCTION, (paddswInstr), SSE/AVX Instruction, SSE
paddusb, FUNCTION, (paddusbInstr), SSE/AVX Instruction, SSE
paddusw, FUNCTION, (padduswInstr), SSE/AVX Instruction, SSE
paddw, FUNCTION, (paddwInstr), SSE/AVX Instruction, SSE
palignr, FUNCTION, (palignrInstr), SSE/AVX Instruction, SSE
pand, FUNCTION, (pandInstr), SSE/AVX Instruction, SSE
pandn, FUNCTION, (pandnInstr), SSE/AVX Instruction, SSE
pavgb, FUNCTION, (pavgbInstr), SSE/AVX Instruction, SSE
pavgw, FUNCTION, (pavgwInstr), SSE/AVX Instruction, SSE
pblendvb, FUNCTION, (pblendvbInstr), SSE/AVX Instruction, SSE
pblendw, FUNCTION, (pblendwInstr), SSE/AVX Instruction, SSE
pclmulqdq, FUNCTION, (pclmulqdqInstr), SSE/AVX Instruction, SSE
pcmpeqb, FUNCTION, (pcmpeqbInstr), SSE/AVX Instruction, SSE
pcmpeqd, FUNCTION, (pcmpeqdInstr), SSE/AVX Instruction, SSE
pcmpeqq, FUNCTION, (pcmpeqqInstr), SSE/AVX Instruction, SSE
pcmpeqw, FUNCTION, (pcmpeqwInstr), SSE/AVX Instruction, SSE
pcmpestri, FUNCTION, (pcmpestriInstr), SSE/AVX Instruction, SSE
pcmpestrm, FUNCTION, (pcmpestrmInstr), SSE/AVX Instruction, SSE
pcmpgtb, FUNCTION, (pcmpgtbInstr), SSE/AVX Instruction, SSE
pcmpgtd, FUNCTION, (pcmpgtdInstr), SSE/AVX Instruction, SSE
pcmpgtq, FUNCTION, (pcmpgtqInstr), SSE/AVX Instruction, SSE
pcmpgtw, FUNCTION, (pcmpgtwInstr), SSE/AVX Instruction, SSE
pcmpistri, FUNCTION, (pcmpistriInstr), SSE/AVX Instruction, SSE
pcmpistrm, FUNCTION, (pcmpistrmInstr), SSE/AVX Instruction, SSE
pextrb, FUNCTION, (pextrbInstr), SSE/AVX Instruction, SSE
pextrd, FUNCTION, (pextrdInstr), SSE/AVX Instruction, SSE
pextrq, FUNCTION, (pextrqInstr), SSE/AVX Instruction, SSE
pextrw, FUNCTION, (pextrwInstr), SSE/AVX Instruction, SSE
phaddd, FUNCTION, (phadddInstr), SSE/AVX Instruction, SSE
phaddsw, FUNCTION, (phaddswInstr), SSE/AVX Instruction, SSE
phaddw, FUNCTION, (phaddwInstr), SSE/AVX Instruction, SSE
phminposuw, FUNCTION, (phminposuwInstr), SSE/AVX Instruction, SSE
phsubd, FUNCTION, (phsubdInstr), SSE/AVX Instruction, SSE
phsubsw, FUNCTION, (phsubswInstr), SSE/AVX Instruction, SSE
phsubw, FUNCTION, (phsubwInstr), SSE/AVX Instruction, SSE
pinsrb, FUNCTION, (pinsrbInstr), SSE/AVX Instruction, SSE
pinsrd, FUNCTION, (pinsrdInstr), SSE/AVX Instruction, SSE
pinsrq, FUNCTION, (pinsrqInstr), SSE/AVX Instruction, SSE
pinsrw, FUNCTION, (pinsrwInstr), SSE/AVX Instruction, SSE
pmaddubsw, FUNCTION, (pmaddubswInstr), SSE/AVX Instruction, SSE
pmaddwd, FUNCTION, (pmaddwdInstr), SSE/AVX Instruction, SSE
pmaxsb, FUNCTION, (pmaxsbInstr), SSE/AVX Instruction, SSE
pmaxsd, FUNCTION, (pmaxsdInstr), SSE/AVX Instruction, SSE
pmaxsw, FUNCTION, (pmaxswInstr), SSE/AVX Instruction, SSE
pmaxub, FUNCTION, (pmaxubInstr), SSE/AVX Instruction, SSE
pmaxud, FUNCTION, (pmaxudInstr), SSE/AVX Instruction, SSE
pmaxuw, FUNCTION, (pmaxuwInstr), SSE/AVX Instruction, SSE
pminsb, FUNCTION, (pminsbInstr), SSE/AVX Instruction, SSE
pminsd, FUNCTION, (pminsdInstr), SSE/AVX Instruction, SSE
pminsw, FUNCTION, (pminswInstr), SSE/AVX Instruction, SSE
pminub, FUNCTION, (pminubInstr), SSE/AVX Instruction, SSE
pminud, FUNCTION, (pminudInstr), SSE/AVX Instruction, SSE
pminuw, FUNCTION, (pminuwInstr), SSE/AVX Instruction, SSE
pmovmskb, FUNCTION, (pmovmskbInstr), SSE/AVX Instruction, SSE
pmovsxbd, FUNCTION, (pmovsxbdInstr), SSE/AVX Instruction, SSE
pmovsxbq, FUNCTION, (pmovsxbqInstr), SSE/AVX Instruction, SSE
pmovsxbw, FUNCTION, (pmovsxbwInstr), SSE/AVX Instruction, SSE
pmovsxdq, FUNCTION, (pmovsxdqInstr), SSE/AVX Instruction, SSE
pmovsxwd, FUNCTION, (pmovsxwdInstr), SSE/AVX Instruction, SSE
pmovsxwq, FUNCTION, (pmovsxwqInstr), SSE/AVX Instruction, SSE
pmovzxbd, FUNCTION, (pmovzxbdInstr), SSE/AVX Instruction, SSE
pmovzxbq, FUNCTION, (pmovzxbqInstr), SSE/AVX Instruction, SSE
pmovzxbw, FUNCTION, (pmovzxbwInstr), SSE/AVX Instruction, SSE
pmovzxdq, FUNCTION, (pmovzxdqInstr), SSE/AVX Instruction, SSE
pmovzxwd, FUNCTION, (pmovzxwdInstr), SSE/AVX Instruction, SSE
pmovzxwq, FUNCTION, (pmovzxwqInstr), SSE/AVX Instruction, SSE
pmuldq, FUNCTION, (pmuldqInstr), SSE/AVX Instruction, SSE
pmulhrsw, FUNCTION, (pmulhrswInstr), SSE/AVX Instruction, SSE
pmulhuw, FUNCTION, (pmulhuwInstr), SSE/AVX Instruction, SSE
pmulhw, FUNCTION, (pmulhwInstr), SSE/AVX Instruction, SSE
pmulld, FUNCTION, (pmulldInstr), SSE/AVX Instruction, SSE
pmullw, FUNCTION, (pmullwInstr), SSE/AVX Instruction, SSE
pmuludq, FUNCTION, (pmuludqInstr), SSE/AVX Instruction, SSE
por, FUNCTION, (porInstr), SSE/AVX Instruction, SSE
psadbw, FUNCTION, (psadbwInstr), SSE/AVX Instruction, SSE
pshufb, FUNCTION, (pshufbInstr), SSE/AVX Instruction, SSE
pshufd, FUNCTION, (pshufdInstr), SSE/AVX Instruction, SSE
pshufhw, FUNCTION, (pshufhwInstr), SSE/AVX Instruction, SSE
pshuflw, FUNCTION, (pshuflwInstr), SSE/AVX Instruction, SSE
psignb, FUNCTION, (psignbInstr), SSE/AVX Instruction, SSE
psignd, FUNCTION, (psigndInstr), SSE/AVX Instruction, SSE
psignw, FUNCTION, (psignwInstr), SSE/AVX Instruction, SSE
pslld, FUNCTION, (pslldInstr), SSE/AVX Instruction, SSE
pslldq, FUNCTION, (pslldqInstr), SSE/AVX Instruction, SSE
psllq, FUNCTION, (psllqInstr), SSE/AVX Instruction, SSE
psllw, FUNCTION, (psllwInstr), SSE/AVX Instruction, SSE
psrad, FUNCTION, (psradInstr), SSE/AVX Instruction, SSE
psraw, FUNCTION, (psrawInstr), SSE/AVX Instruction, SSE
psrld, FUNCTION, (psrldInstr), SSE/AVX Instruction, SSE
psrldq, FUNCTION, (psrldqInstr), SSE/AVX Instruction, SSE
psrlq, FUNCTION, (psrlqInstr), SSE/AVX Instruction, SSE
psrlw, FUNCTION, (psrlwInstr), SSE/AVX Instruction, SSE
psubb, FUNCTION, (psubbInstr), SSE/AVX Instruction, SSE
psubd, FUNCTION, (psubdInstr), SSE/AVX Instruction, SSE
psubq, FUNCTION, (psubqInstr), SSE/AVX Instruction, SSE
psubsb, FUNCTION, (psubsbInstr), SSE/AVX Instruction, SSE
psubsw, FUNCTION, (psubswInstr), SSE/AVX Instruction, SSE
psubusb, FUNCTION, (psubusbInstr), SSE/AVX Instruction, SSE
psubusw, FUNCTION, (psubuswInstr), SSE/AVX Instruction, SSE
psubw, FUNCTION, (psubwInstr), SSE/AVX Instruction, SSE
ptest, FUNCTION, (ptestInstr), SSE/AVX Instruction, SSE
punpckhbw, FUNCTION, (punpckhbwInstr), SSE/AVX Instruction, SSE
punpckhdq, FUNCTION, (punpckhdqInstr), SSE/AVX Instruction, SSE
punpckhqdq, FUNCTION, (punpckhqdqInstr), SSE/AVX Instruction, SSE
punpckhwd, FUNCTION, (punpckhwdInstr), SSE/AVX Instruction, SSE
punpcklbw, FUNCTION, (punpcklbwInstr), SSE/AVX Instruction, SSE
punpckldq, FUNCTION, (punpckldqInstr), SSE/AVX Instruction, SSE
punpcklqdq, FUNCTION, (punpcklqdqInstr), SSE/AVX Instruction, SSE
punpcklwd, FUNCTION, (punpcklwdInstr), SSE/AVX Instruction, SSE
pxor, FUNCTION, (pxorInstr), SSE/AVX Instruction, SSE
rcpps, FUNCTION, (rcppsInstr), SSE/AVX Instruction, SSE
rcpss, FUNCTION, (rcpssInstr), SSE/AVX Instruction, SSE
roundpd, FUNCTION, (roundpdInstr), SSE/AVX Instruction, SSE
roundps, FUNCTION, (roundpsInstr), SSE/AVX Instruction, SSE
roundsd, FUNCTION, (roundsdInstr), SSE/AVX Instruction, SSE
roundss, FUNCTION, (roundssInstr), SSE/AVX Instruction, SSE
rsqrtps, FUNCTION, (rsqrtpsInstr), SSE/AVX Instruction, SSE
rsqrtss, FUNCTION, (rsqrtssInstr), SSE/AVX Instruction, SSE
sha1msg1, FUNCTION, (sha1msg1Instr), SSE/AVX Instruction, SSE
sha1msg2, FUNCTION, (sha1msg2Instr), SSE/AVX Instruction, SSE
sha1nexte, FUNCTION, (sha1nexteInstr), SSE/AVX Instruction, SSE
sha1rnds4, FUNCTION, (sha1rnds4Instr), SSE/AVX Instruction, SSE
sha256msg1, FUNCTION, (sha256msg1Instr), SSE/AVX Instruction, SSE
sha256msg2, FUNCTION, (sha256msg2Instr), SSE/AVX Instruction, SSE
sha256rnds2, FUNCTION, (sha256rnds2Instr), SSE/AVX Instruction, SSE
shufpd, FUNCTION, (shufpdInstr), SSE/AVX Instruction, SSE
shufps, FUNCTION, (shufpsInstr), SSE/AVX Instruction, SSE
sqrtpd, FUNCTION, (sqrtpdInstr), SSE/AVX Instruction, SSE
sqrtps, FUNCTION, (sqrtpsInstr), SSE/AVX Instruction, SSE
sqrtsd, FUNCTION, (sqrtsdInstr), SSE/AVX Instruction, SSE
sqrtss, FUNCTION, (sqrtssInstr), SSE/AVX Instruction, SSE
stmxcsr, FUNCTION, (stmxcsrInstr), SSE/AVX Instruction, SSE
subpd, FUNCTION, (subpdInstr), SSE/AVX Instruction, SSE
subps, FUNCTION, (subpsInstr), SSE/AVX Instruction, SSE
subsd, FUNCTION, (subsdInstr), SSE/AVX Instruction, SSE
subss, FUNCTION, (subssInstr), SSE/AVX Instruction, SSE
ucomisd, FUNCTION, (ucomisdInstr), SSE/AVX Instruction, SSE
ucomiss, FUNCTION, (ucomissInstr), SSE/AVX Instruction, SSE
unpckhpd, FUNCTION, (unpckhpdInstr), SSE/AVX Instruction, SSE
unpckhps, FUNCTION, (unpckhpsInstr), SSE/AVX Instruction, SSE
unpcklpd, FUNCTION, (unpcklpdInstr), SSE/AVX Instruction, SSE
unpcklps, FUNCTION, (unpcklpsInstr), SSE/AVX Instruction, SSE
vaddpd, FUNCTION, (vaddpdInstr), SSE/AVX Instruction, SSE
vaddps, FUNCTION, (vaddpsInstr), SSE/AVX Instruction, SSE
vaddsd, FUNCTION, (vaddsdInstr), SSE/AVX Instruction, SSE
vaddss, FUNCTION, (vaddssInstr), SSE/AVX Instruction, SSE
vaddsubpd, FUNCTION, (vaddsubpdInstr), SSE/AVX Instruction, SSE
vaddsubps, FUNCTION, (vaddsubpsInstr), SSE/AVX Instruction, SSE
vaesdec, FUNCTION, (vaesdecInstr), SSE/AVX Instruction, SSE
vaesdeclast, FUNCTION, (vaesdeclastInstr), SSE/AVX Instruction, SSE
vaesenc, FUNCTION, (vaesencInstr), SSE/AVX Instruction, SSE
vaesenclast, FUNCTION, (vaesenclastInstr), SSE/AVX Instruction, SSE
vaesimc, FUNCTION, (vaesimcInstr), SSE/AVX Instruction, SSE
vaeskeygenassist, FUNCTION, (vaeskeygenassistInstr), SSE/AVX Instruction, SSE
vandnpd, FUNCTION, (vandnpdInstr), SSE/AVX Instruction, SSE
vandnps, FUNCTION, (vandnpsInstr), SSE/AVX Instruction, SSE
vandpd, FUNCTION, (vandpdInstr), SSE/AVX Instruction, SSE
vandps, FUNCTION, (vandpsInstr), SSE/AVX Instruction, SSE
vblendpd, FUNCTION, (vblendpdInstr), SSE/AVX Instruction, SSE
vblendps, FUNCTION, (vblendpsInstr), SSE/AVX Instruction, SSE
vblendvpd, FUNCTION, (vblendvpdInstr), SSE/AVX Instruction, SSE
vblendvps, FUNCTION, (vblendvpsInstr), SSE/AVX Instruction, SSE
vbroadcastf128, FUNCTION, (vbroadcastf128Instr), SSE/AVX Instruction, SSE
vbroadcasti128, FUNCTION, (vbroadcasti128Instr), SSE/AVX Instruction, SSE
vbroadcastsd, FUNCTION, (vbroadcastsdInstr), SSE/AVX Instruction, SSE
vbroadcastss, FUNCTION, (vbroadcastssInstr), SSE/AVX Instruction, SSE
vcmppd, FUNCTION, (vcmppdInstr), SSE/AVX Instruction, SSE
vcmpps, FUNCTION, (vcmppsInstr), SSE/AVX Instruction, SSE
vcmpsd, FUNCTION, (vcmpsdInstr), SSE/AVX Instruction, SSE
vcmpss, FUNCTION, (vcmpssInstr), SSE/AVX Instruction, SSE
vcomisd, FUNCTION, (vcomisdInstr), SSE/AVX Instruction, SSE
vcomiss, FUNCTION, (vcomissInstr), SSE/AVX Instruction, SSE
vcvtdq2pd, FUNCTION, (vcvtdq2pdInstr), SSE/AVX Instruction, SSE
vcvtdq2ps, FUNCTION, (vcvtdq2psInstr), SSE/AVX Instruction, SSE
vcvtpd2dq, FUNCTION, (vcvtpd2dqInstr), SSE/AVX Instruction, SSE
vcvtpd2ps, FUNCTION, (vcvtpd2psInstr), SSE/AVX Instruction, SSE
vcvtph2ps, FUNCTION, (vcvtph2psInstr), SSE/AVX Instruction, SSE
vcvtps2dq, FUNCTION, (vcvtps2dqInstr), SSE/AVX Instruction, SSE
vcvtps2pd, FUNCTION, (vcvtps2pdInstr), SSE/AVX Instruction, SSE
vcvtps2ph, FUNCTION, (vcvtps2phInstr), SSE/AVX Instruction, SSE
vcvtsd2si, FUNCTION, (vcvtsd2siInstr), SSE/AVX Instruction, SSE
vcvtsd2ss, FUNCTION, (vcvtsd2ssInstr), SSE/AVX Instruction, SSE
vcvtsi2sd, FUNCTION, (vcvtsi2sdInstr), SSE/AVX Instruction, SSE
vcvtsi2ss, FUNCTION, (vcvtsi2ssInstr), SSE/AVX Instruction, SSE
vcvtss2sd, FUNCTION, (vcvtss2sdInstr), SSE/AVX Instruction, SSE
vcvtss2si, FUNCTION, (vcvtss2siInstr), SSE/AVX Instruction, SSE
vcvttpd2dq, FUNCTION, (vcvttpd2dqInstr), SSE/AVX Instruction, SSE
vcvttps2dq, FUNCTION, (vcvttps2dqInstr), SSE/AVX Instruction, SSE
vcvttsd2si, FUNCTION, (vcvttsd2siInstr), SSE/AVX Instruction, SSE
vcvttss2si, FUNCTION, (vcvttss2siInstr), SSE/AVX Instruction, SSE
vdivpd, FUNCTION, (vdivpdInstr), SSE/AVX Instruction, SSE
vdivps, FUNCTION, (vdivpsInstr), SSE/AVX Instruction, SSE
vdivsd, FUNCTION, (vdivsdInstr), SSE/AVX Instruction, SSE
vdivss, FUNCTION, (vdivssInstr), SSE/AVX Instruction, SSE
vdppd, FUNCTION, (vdppdInstr), SSE/AVX Instruction, SSE
vdpps, FUNCTION, (vdppsInstr), SSE/AVX Instruction, SSE
vextractf128, FUNCTION, (vextractf128Instr), SSE/AVX Instruction, SSE
vextracti128, FUNCTION, (vextracti128Instr), SSE/AVX Instruction, SSE
vextractps, FUNCTION, (vextractpsInstr), SSE/AVX Instruction, SSE
vfmadd132pd, FUNCTION, (vfmadd132pdInstr), SSE/AVX Instruction, SSE
vfmadd132ps, FUNCTION, (vfmadd132psInstr), SSE/AVX Instruction, SSE
vfmadd132sd, FUNCTION, (vfmadd132sdInstr), SSE/AVX Instruction, SSE
vfmadd132ss, FUNCTION, (vfmadd132ssInstr), SSE/AVX Instruction, SSE
vfmadd213pd, FUNCTION, (vfmadd213pdInstr), SSE/AVX Instruction, SSE
vfmadd213ps, FUNCTION, (vfmadd213psInstr), SSE/AVX Instruction, SSE
vfmadd213sd, FUNCTION, (vfmadd213sdInstr), SSE/AVX Instruction, SSE
vfmadd213ss, FUNCTION, (vfmadd213ssInstr), SSE/AVX Instruction, SSE
vfmadd231pd, FUNCTION, (vfmadd231pdInstr), SSE/AVX Instruction, SSE
vfmadd231ps, FUNCTION, (vfmadd231psInstr), SSE/AVX Instruction, SSE
vfmadd231sd, FUNCTION, (vfmadd231sdInstr), SSE/AVX Instruction, SSE
vfmadd231ss, FUNCTION, (vfmadd231ssInstr), SSE/AVX Instruction, SSE
vfmaddpd, FUNCTION, (vfmaddpdInstr), SSE/AVX Instruction, SSE
vfmaddps, FUNCTION, (vfmaddpsInstr), SSE/AVX Instruction, SSE
vfmaddsd, FUNCTION, (vfmaddsdInstr), SSE/AVX Instruction, SSE
vfmaddss, FUNCTION, (vfmaddssInstr), SSE/AVX Instruction, SSE
vfmaddsub132pd, FUNCTION, (vfmaddsub132pdInstr), SSE/AVX Instruction, SSE
vfmaddsub132ps, FUNCTION, (vfmaddsub132psInstr), SSE/AVX Instruction, SSE
vfmaddsub213pd, FUNCTION, (vfmaddsub213pdInstr), SSE/AVX Instruction, SSE
vfmaddsub213ps, FUNCTION, (vfmaddsub213psInstr), SSE/AVX Instruction, SSE
vfmaddsub231pd, FUNCTION, (vfmaddsub231pdInstr), SSE/AVX Instruction, SSE
vfmaddsub231ps, FUNCTION, (vfmaddsub231psInstr), SSE/AVX Instruction, SSE
vfmaddsubpd, FUNCTION, (vfmaddsubpdInstr), SSE/AVX Instruction, SSE
vfmaddsubps, FUNCTION, (vfmaddsubpsInstr), SSE/AVX Instruction, SSE
vfmsub132pd, FUNCTION, (vfmsub132pdInstr), SSE/AVX Instruction, SSE
vfmsub132ps, FUNCTION, (vfmsub132psInstr), SSE/AVX Instruction, SSE
vfmsub132sd, FUNCTION, (vfmsub132sdInstr), SSE/AVX Instruction, SSE
vfmsub132ss, FUNCTION, (vfmsub132ssInstr), SSE/AVX Instruction, SSE
vfmsub213pd, FUNCTION, (vfmsub213pdInstr), SSE/AVX Instruction, SSE
vfmsub213ps, FUNCTION, (vfmsub213psInstr), SSE/AVX Instruction, SSE
vfmsub213sd, FUNCTION, (vfmsub213sdInstr), SSE/AVX Instruction, SSE
vfmsub213ss, FUNCTION, (vfmsub213ssInstr), SSE/AVX Instruction, SSE
vfmsub231pd, FUNCTION, (vfmsub231pdInstr), SSE/AVX Instruction, SSE
vfmsub231ps, FUNCTION, (vfmsub231psInstr), SSE/AVX Instruction, SSE
vfmsub231sd, FUNCTION, (vfmsub231sdInstr), SSE/AVX Instruction, SSE
vfmsub231ss, FUNCTION, (vfmsub231ssInstr), SSE/AVX Instruction, SSE
vfmsubadd132pd, FUNCTION, (vfmsubadd132pdInstr), SSE/AVX Instruction, SSE
vfmsubadd132ps, FUNCTION, (vfmsubadd132psInstr), SSE/AVX Instruction, SSE
vfmsubadd213pd, FUNCTION, (vfmsubadd213pdInstr), SSE/AVX Instruction, SSE
vfmsubadd213ps, FUNCTION, (vfmsubadd213psInstr), SSE/AVX Instruction, SSE
vfmsubadd231pd, FUNCTION, (vfmsubadd231pdInstr), SSE/AVX Instruction, SSE
vfmsubadd231ps, FUNCTION, (vfmsubadd231psInstr), SSE/AVX Instruction, SSE
vfmsubaddpd, FUNCTION, (vfmsubaddpdInstr), SSE/AVX Instruction, SSE
vfmsubaddps, FUNCTION, (vfmsubaddpsInstr), SSE/AVX Instruction, SSE
vfmsubpd, FUNCTION, (vfmsubpdInstr), SSE/AVX Instruction, SSE
vfmsubps, FUNCTION, (vfmsubpsInstr), SSE/AVX Instruction, SSE
vfmsubsd, FUNCTION, (vfmsubsdInstr), SSE/AVX Instruction, SSE
vfmsubss, FUNCTION, (vfmsubssInstr), SSE/AVX Instruction, SSE
vfnmadd132pd, FUNCTION, (vfnmadd132pdInstr), SSE/AVX Instruction, SSE
vfnmadd132ps, FUNCTION, (vfnmadd132psInstr), SSE/AVX Instruction, SSE
vfnmadd132sd, FUNCTION, (vfnmadd132sdInstr), SSE/AVX Instruction, SSE
vfnmadd132ss, FUNCTION, (vfnmadd132ssInstr), SSE/AVX Instruction, SSE
vfnmadd213pd, FUNCTION, (vfnmadd213pdInstr), SSE/AVX Instruction, SSE
vfnmadd213ps, FUNCTION, (vfnmadd213psInstr), SSE/AVX Instruction, SSE
vfnmadd213sd, FUNCTION, (vfnmadd213sdInstr), SSE/AVX Instruction, SSE
vfnmadd213ss, FUNCTION, (vfnmadd213ssInstr), SSE/AVX Instruction, SSE
vfnmadd231pd, FUNCTION, (vfnmadd231pdInstr), SSE/AVX Instruction, SSE
vfnmadd231ps, FUNCTION, (vfnmadd231psInstr), SSE/AVX Instruction, SSE
vfnmadd231sd, FUNCTION, (vfnmadd231sdInstr), SSE/AVX Instruction, SSE
vfnmadd231ss, FUNCTION, (vfnmadd231ssInstr), SSE/AVX Instruction, SSE
vfnmaddpd, FUNCTION, (vfnmaddpdInstr), SSE/AVX Instruction, SSE
vfnmaddps, FUNCTION, (vfnmaddpsInstr), SSE/AVX Instruction, SSE
vfnmaddsd, FUNCTION, (vfnmaddsdInstr), SSE/AVX Instruction, SSE
vfnmaddss, FUNCTION, (vfnmaddssInstr), SSE/AVX Instruction, SSE
vfnmsub132pd, FUNCTION, (vfnmsub132pdInstr), SSE/AVX Instruction, SSE
vfnmsub132ps, FUNCTION, (vfnmsub132psInstr), SSE/AVX Instruction, SSE
vfnmsub132sd, FUNCTION, (vfnmsub132sdInstr), SSE/AVX Instruction, SSE
vfnmsub132ss, FUNCTION, (vfnmsub132ssInstr), SSE/AVX Instruction, SSE
vfnmsub213pd, FUNCTION, (vfnmsub213pdInstr), SSE/AVX Instruction, SSE
vfnmsub213ps, FUNCTION, (vfnmsub213psInstr), SSE/AVX Instruction, SSE
vfnmsub213sd, FUNCTION, (vfnmsub213sdInstr), SSE/AVX Instruction, SSE
vfnmsub213ss, FUNCTION, (vfnmsub213ssInstr), SSE/AVX Instruction, SSE
vfnmsub231pd, FUNCTION, (vfnmsub231pdInstr), SSE/AVX Instruction, SSE
vfnmsub231ps, FUNCTION, (vfnmsub231psInstr), SSE/AVX Instruction, SSE
vfnmsub231sd, FUNCTION, (vfnmsub231sdInstr), SSE/AVX Instruction, SSE
vfnmsub231ss, FUNCTION, (vfnmsub231ssInstr), SSE/AVX Instruction, SSE
vfnmsubpd, FUNCTION, (vfnmsubpdInstr), SSE/AVX Instruction, SSE
vfnmsubps, FUNCTION, (vfnmsubpsInstr), SSE/AVX Instruction, SSE
vfnmsubsd, FUNCTION, (vfnmsubsdInstr), SSE/AVX Instruction, SSE
vfnmsubss, FUNCTION, (vfnmsubssInstr), SSE/AVX Instruction, SSE
vfrczpd, FUNCTION, (vfrczpdInstr), SSE/AVX Instruction, SSE
vfrczps, FUNCTION, (vfrczpsInstr), SSE/AVX Instruction, SSE
vfrczsd, FUNCTION, (vfrczsdInstr), SSE/AVX Instruction, SSE
vfrczss, FUNCTION, (vfrczssInstr), SSE/AVX Instruction, SSE
vgatherdpd, FUNCTION, (vgatherdpdInstr), SSE/AVX Instruction, SSE
vgatherdps, FUNCTION, (vgatherdpsInstr), SSE/AVX Instruction, SSE
vgatherqpd, FUNCTION, (vgatherqpdInstr), SSE/AVX Instruction, SSE
vgatherqps, FUNCTION, (vgatherqpsInstr), SSE/AVX Instruction, SSE
vhaddpd, FUNCTION, (vhaddpdInstr), SSE/AVX Instruction, SSE
vhaddps, FUNCTION, (vhaddpsInstr), SSE/AVX Instruction, SSE
vhsubpd, FUNCTION, (vhsubpdInstr), SSE/AVX Instruction, SSE
vhsubps, FUNCTION, (vhsubpsInstr), SSE/AVX Instruction, SSE
vinsertf128, FUNCTION, (vinsertf128Instr), SSE/AVX Instruction, SSE
vinserti128, FUNCTION, (vinserti128Instr), SSE/AVX Instruction, SSE
vinsertps, FUNCTION, (vinsertpsInstr), SSE/AVX Instruction, SSE
vlddqu, FUNCTION, (vlddquInstr), SSE/AVX Instruction, SSE
vldmxcsr, FUNCTION, (vldmxcsrInstr), SSE/AVX Instruction, SSE
vmaskmovdqu, FUNCTION, (vmaskmovdquInstr), SSE/AVX Instruction, SSE
vmaskmovpd, FUNCTION, (vmaskmovpdInstr), SSE/AVX Instruction, SSE
vmaskmovps, FUNCTION, (vmaskmovpsInstr), SSE/AVX Instruction, SSE
vmaxpd, FUNCTION, (vmaxpdInstr), SSE/AVX Instruction, SSE
vmaxps, FUNCTION, (vmaxpsInstr), SSE/AVX Instruction, SSE
vmaxsd, FUNCTION, (vmaxsdInstr), SSE/AVX Instruction, SSE
vmaxss, FUNCTION, (vmaxssInstr), SSE/AVX Instruction, SSE
vminpd, FUNCTION, (vminpdInstr), SSE/AVX Instruction, SSE
vminps, FUNCTION, (vminpsInstr), SSE/AVX Instruction, SSE
vminsd, FUNCTION, (vminsdInstr), SSE/AVX Instruction, SSE
vminss, FUNCTION, (vminssInstr), SSE/AVX Instruction, SSE
vmovapd, FUNCTION, (vmovapdInstr), SSE/AVX Instruction, SSE
vmovaps, FUNCTION, (vmovapsInstr), SSE/AVX Instruction, SSE
vmovd, FUNCTION, (vmovdInstr), SSE/AVX Instruction, SSE
vmovddup, FUNCTION, (vmovddupInstr), SSE/AVX Instruction, SSE
vmovdqa, FUNCTION, (vmovdqaInstr), SSE/AVX Instruction, SSE
vmovdqu, FUNCTION, (vmovdquInstr), SSE/AVX Instruction, SSE
vmovhlps, FUNCTION, (vmovhlpsInstr), SSE/AVX Instruction, SSE
vmovhpd, FUNCTION, (vmovhpdInstr), SSE/AVX Instruction, SSE
vmovhps, FUNCTION, (vmovhpsInstr), SSE/AVX Instruction, SSE
vmovlhps, FUNCTION, (vmovlhpsInstr), SSE/AVX Instruction, SSE
vmovlpd, FUNCTION, (vmovlpdInstr), SSE/AVX Instruction, SSE
vmovlps, FUNCTION, (vmovlpsInstr), SSE/AVX Instruction, SSE
vmovmskpd, FUNCTION, (vmovmskpdInstr), SSE/AVX Instruction, SSE
vmovmskps, FUNCTION, (vmovmskpsInstr), SSE/AVX Instruction, SSE
vmovntdq, FUNCTION, (vmovntdqInstr), SSE/AVX Instruction, SSE
vmovntdqa, FUNCTION, (vmovntdqaInstr), SSE/AVX Instruction, SSE
vmovntpd, FUNCTION, (vmovntpdInstr), SSE/AVX Instruction, SSE
vmovntps, FUNCTION, (vmovntpsInstr), SSE/AVX Instruction, SSE
vmovq, FUNCTION, (vmovqInstr), SSE/AVX Instruction, SSE
vmovsd, FUNCTION, (vmovsdInstr), SSE/AVX Instruction, SSE
vmovshdup, FUNCTION, (vmovshdupInstr), SSE/AVX Instruction, SSE
vmovsldup, FUNCTION, (vmovsldupInstr), SSE/AVX Instruction, SSE
vmovss, FUNCTION, (vmovssInstr), SSE/AVX Instruction, SSE
vmovupd, FUNCTION, (vmovupdInstr), SSE/AVX Instruction, SSE
vmovups, FUNCTION, (vmovupsInstr), SSE/AVX Instruction, SSE
vmpsadbw, FUNCTION, (vmpsadbwInstr), SSE/AVX Instruction, SSE
vmulpd, FUNCTION, (vmulpdInstr), SSE/AVX Instruction, SSE
vmulps, FUNCTION, (vmulpsInstr), SSE/AVX Instruction, SSE
vmulsd, FUNCTION, (vmulsdInstr), SSE/AVX Instruction, SSE
vmulss, FUNCTION, (vmulssInstr), SSE/AVX Instruction, SSE
vorpd, FUNCTION, (vorpdInstr), SSE/AVX Instruction, SSE
vorps, FUNCTION, (vorpsInstr), SSE/AVX Instruction, SSE
vpabsb, FUNCTION, (vpabsbInstr), SSE/AVX Instruction, SSE
vpabsd, FUNCTION, (vpabsdInstr), SSE/AVX Instruction, SSE
vpabsw, FUNCTION, (vpabswInstr), SSE/AVX Instruction, SSE
vpackssdw, FUNCTION, (vpackssdwInstr), SSE/AVX Instruction, SSE
vpacksswb, FUNCTION, (vpacksswbInstr), SSE/AVX Instruction, SSE
vpackusdw, FUNCTION, (vpackusdwInstr), SSE/AVX Instruction, SSE
vpackuswb, FUNCTION, (vpackuswbInstr), SSE/AVX Instruction, SSE
vpaddb, FUNCTION, (vpaddbInstr), SSE/AVX Instruction, SSE
vpaddd, FUNCTION, (vpadddInstr), SSE/AVX Instruction, SSE
vpaddq, FUNCTION, (vpaddqInstr), SSE/AVX Instruction, SSE
vpaddsb, FUNCTION, (vpaddsbInstr), SSE/AVX Instruction, SSE
vpaddsw, FUNCTION, (vpaddswInstr), SSE/AVX Instruction, SSE
vpaddusb, FUNCTION, (vpaddusbInstr), SSE/AVX Instruction, SSE
vpaddusw, FUNCTION, (vpadduswInstr), SSE/AVX Instruction, SSE
vpaddw, FUNCTION, (vpaddwInstr), SSE/AVX Instruction, SSE
vpalignr, FUNCTION, (vpalignrInstr), SSE/AVX Instruction, SSE
vpand, FUNCTION, (vpandInstr), SSE/AVX Instruction, SSE
vpandn, FUNCTION, (vpandnInstr), SSE/AVX Instruction, SSE
vpavgb, FUNCTION, (vpavgbInstr), SSE/AVX Instruction, SSE
vpavgw, FUNCTION, (vpavgwInstr), SSE/AVX Instruction, SSE
vpblendd, FUNCTION, (vpblenddInstr), SSE/AVX Instruction, SSE
vpblendvb, FUNCTION, (vpblendvbInstr), SSE/AVX Instruction, SSE
vpblendw, FUNCTION, (vpblendwInstr), SSE/AVX Instruction, SSE
vpbroadcastb, FUNCTION, (vpbroadcastbInstr), SSE/AVX Instruction, SSE
vpbroadcastd, FUNCTION, (vpbroadcastdInstr), SSE/AVX Instruction, SSE
vpbroadcastq, FUNCTION, (vpbroadcastqInstr), SSE/AVX Instruction, SSE
vpbroadcastw, FUNCTION, (vpbroadcastwInstr), SSE/AVX Instruction, SSE
vpclmulqdq, FUNCTION, (vpclmulqdqInstr), SSE/AVX Instruction, SSE
vpcmov, FUNCTION, (vpcmovInstr), SSE/AVX Instruction, SSE
vpcmpeqb, FUNCTION, (vpcmpeqbInstr), SSE/AVX Instruction, SSE
vpcmpeqd, FUNCTION, (vpcmpeqdInstr), SSE/AVX Instruction, SSE
vpcmpeqq, FUNCTION, (vpcmpeqqInstr), SSE/AVX Instruction, SSE
vpcmpeqw, FUNCTION, (vpcmpeqwInstr), SSE/AVX Instruction, SSE
vpcmpestri, FUNCTION, (vpcmpestriInstr), SSE/AVX Instruction, SSE
vpcmpestrm, FUNCTION, (vpcmpestrmInstr), SSE/AVX Instruction, SSE
vpcmpgtb, FUNCTION, (vpcmpgtbInstr), SSE/AVX Instruction, SSE
vpcmpgtd, FUNCTION, (vpcmpgtdInstr), SSE/AVX Instruction, SSE
vpcmpgtq, FUNCTION, (vpcmpgtqInstr), SSE/AVX Instruction, SSE
vpcmpgtw, FUNCTION, (vpcmpgtwInstr), SSE/AVX Instruction, SSE
vpcmpistri, FUNCTION, (vpcmpistriInstr), SSE/AVX Instruction, SSE
vpcmpistrm, FUNCTION, (vpcmpistrmInstr), SSE/AVX Instruction, SSE
vpcomb, FUNCTION, (vpcombInstr), SSE/AVX Instruction, SSE
vpcomd, FUNCTION, (vpcomdInstr), SSE/AVX Instruction, SSE
vpcomq, FUNCTION, (vpcomqInstr), SSE/AVX Instruction, SSE
vpcomub, FUNCTION, (vpcomubInstr), SSE/AVX Instruction, SSE
vpcomud, FUNCTION, (vpcomudInstr), SSE/AVX Instruction, SSE
vpcomuq, FUNCTION, (vpcomuqInstr), SSE/AVX Instruction, SSE
vpcomuw, FUNCTION, (vpcomuwInstr), SSE/AVX Instruction, SSE
vpcomw, FUNCTION, (vpcomwInstr), SSE/AVX Instruction, SSE
vperm2f128, FUNCTION, (vperm2f128Instr), SSE/AVX Instruction, SSE
vperm2i128, FUNCTION, (vperm2i128Instr), SSE/AVX Instruction, SSE
vpermd, FUNCTION, (vpermdInstr), SSE/AVX Instruction, SSE
vpermil2pd, FUNCTION, (vpermil2pdInstr), SSE/AVX Instruction, SSE
vpermil2ps, FUNCTION, (vpermil2psInstr), SSE/AVX Instruction, SSE
vpermilpd, FUNCTION, (vpermilpdInstr), SSE/AVX Instruction, SSE
vpermilps, FUNCTION, (vpermilpsInstr), SSE/AVX Instruction, SSE
vpermpd, FUNCTION, (vpermpdInstr), SSE/AVX Instruction, SSE
vpermps, FUNCTION, (vpermpsInstr), SSE/AVX Instruction, SSE
vpermq, FUNCTION, (vpermqInstr), SSE/AVX Instruction, SSE
vpextrb, FUNCTION, (vpextrbInstr), SSE/AVX Instruction, SSE
vpextrd, FUNCTION, (vpextrdInstr), SSE/AVX Instruction, SSE
vpextrq, FUNCTION, (vpextrqInstr), SSE/AVX Instruction, SSE
vpextrw, FUNCTION, (vpextrwInstr), SSE/AVX Instruction, SSE
vpgatherdd, FUNCTION, (vpgatherddInstr), SSE/AVX Instruction, SSE
vpgatherdq, FUNCTION, (vpgatherdqInstr), SSE/AVX Instruction, SSE
vpgatherqd, FUNCTION, (vpgatherqdInstr), SSE/AVX Instruction, SSE
vpgatherqq, FUNCTION, (vpgatherqqInstr), SSE/AVX Instruction, SSE
vphaddbd, FUNCTION, (vphaddbdInstr), SSE/AVX Instruction, SSE
vphaddbq, FUNCTION, (vphaddbqInstr), SSE/AVX Instruction, SSE
vphaddbw, FUNCTION, (vphaddbwInstr), SSE/AVX Instruction, SSE
vphaddd, FUNCTION, (vphadddInstr), SSE/AVX Instruction, SSE
vphadddq, FUNCTION, (vphadddqInstr), SSE/AVX Instruction, SSE
vphaddsw, FUNCTION, (vphaddswInstr), SSE/AVX Instruction, SSE
vphaddubd, FUNCTION, (vphaddubdInstr), SSE/AVX Instruction, SSE
vphaddubq, FUNCTION, (vphaddubqInstr), SSE/AVX Instruction, SSE
vphaddubw, FUNCTION, (vphaddubwInstr), SSE/AVX Instruction, SSE
vphaddudq, FUNCTION, (vphaddudqInstr), SSE/AVX Instruction, SSE
vphadduwd, FUNCTION, (vphadduwdInstr), SSE/AVX Instruction, SSE
vphadduwq, FUNCTION, (vphadduwqInstr), SSE/AVX Instruction, SSE
vphaddw, FUNCTION, (vphaddwInstr), SSE/AVX Instruction, SSE
vphaddwd, FUNCTION, (vphaddwdInstr), SSE/AVX Instruction, SSE
vphaddwq, FUNCTION, (vphaddwqInstr), SSE/AVX Instruction, SSE
vphminposuw, FUNCTION, (vphminposuwInstr), SSE/AVX Instruction, SSE
vphsubbw, FUNCTION, (vphsubbwInstr), SSE/AVX Instruction, SSE
vphsubd, FUNCTION, (vphsubdInstr), SSE/AVX Instruction, SSE
vphsubdq, FUNCTION, (vphsubdqInstr), SSE/AVX Instruction, SSE
vphsubsw, FUNCTION, (vphsubswInstr), SSE/AVX Instruction, SSE
vphsubw, FUNCTION, (vphsubwInstr), SSE/AVX Instruction, SSE
vphsubwd, FUNCTION, (vphsubwdInstr), SSE/AVX Instruction, SSE
vpinsrb, FUNCTION, (vpinsrbInstr), SSE/AVX Instruction, SSE
vpinsrd, FUNCTION, (vpinsrdInstr), SSE/AVX Instruction, SSE
vpinsrq, FUNCTION, (vpinsrqInstr), SSE/AVX Instruction, SSE
vpinsrw, FUNCTION, (vpinsrwInstr), SSE/AVX Instruction, SSE
vpmacsdd, FUNCTION, (vpmacsddInstr), SSE/AVX Instruction, SSE
vpmacsdqh, FUNCTION, (vpmacsdqhInstr), SSE/AVX Instruction, SSE
vpmacsdql, FUNCTION, (vpmacsdqlInstr), SSE/AVX Instruction, SSE
vpmacssdd, FUNCTION, (vpmacssddInstr), SSE/AVX Instruction, SSE
vpmacssdqh, FUNCTION, (vpmacssdqhInstr), SSE/AVX Instruction, SSE
vpmacssdql, FUNCTION, (vpmacssdqlInstr), SSE/AVX Instruction, SSE
vpmacsswd, FUNCTION, (vpmacsswdInstr), SSE/AVX Instruction, SSE
vpmacssww, FUNCTION, (vpmacsswwInstr), SSE/AVX Instruction, SSE
vpmacswd, FUNCTION, (vpmacswdInstr), SSE/AVX Instruction, SSE
vpmacsww, FUNCTION, (vpmacswwInstr), SSE/AVX Instruction, SSE
vpmadcsswd, FUNCTION, (vpmadcsswdInstr), SSE/AVX Instruction, SSE
vpmadcswd, FUNCTION, (vpmadcswdInstr), SSE/AVX Instruction, SSE
vpmaddubsw, FUNCTION, (vpmaddubswInstr), SSE/AVX Instruction, SSE
vpmaddwd, FUNCTION, (vpmaddwdInstr), SSE/AVX Instruction, SSE
vpmaskmovd, FUNCTION, (vpmaskmovdInstr), SSE/AVX Instruction, SSE
vpmaskmovq, FUNCTION, (vpmaskmovqInstr), SSE/AVX Instruction, SSE
vpmaxsb, FUNCTION, (vpmaxsbInstr), SSE/AVX Instruction, SSE
vpmaxsd, FUNCTION, (vpmaxsdInstr), SSE/AVX Instruction, SSE
vpmaxsw, FUNCTION, (vpmaxswInstr), SSE/AVX Instruction, SSE
vpmaxub, FUNCTION, (vpmaxubInstr), SSE/AVX Instruction, SSE
vpmaxud, FUNCTION, (vpmaxudInstr), SSE/AVX Instruction, SSE
vpmaxuw, FUNCTION, (vpmaxuwInstr), SSE/AVX Instruction, SSE
vpminsb, FUNCTION, (vpminsbInstr), SSE/AVX Instruction, SSE
vpminsd, FUNCTION, (vpminsdInstr), SSE/AVX Instruction, SSE
vpminsw, FUNCTION, (vpminswInstr), SSE/AVX Instruction, SSE
vpminub, FUNCTION, (vpminubInstr), SSE/AVX Instruction, SSE
vpminud, FUNCTION, (vpminudInstr), SSE/AVX Instruction, SSE
vpminuw, FUNCTION, (vpminuwInstr), SSE/AVX Instruction, SSE
vpmovmskb, FUNCTION, (vpmovmskbInstr), SSE/AVX Instruction, SSE
vpmovsxbd, FUNCTION, (vpmovsxbdInstr), SSE/AVX Instruction, SSE
vpmovsxbq, FUNCTION, (vpmovsxbqInstr), SSE/AVX Instruction, SSE
vpmovsxbw, FUNCTION, (vpmovsxbwInstr), SSE/AVX Instruction, SSE
vpmovsxdq, FUNCTION, (vpmovsxdqInstr), SSE/AVX Instruction, SSE
vpmovsxwd, FUNCTION, (vpmovsxwdInstr), SSE/AVX Instruction, SSE
vpmovsxwq, FUNCTION, (vpmovsxwqInstr), SSE/AVX Instruction, SSE
vpmovzxbd, FUNCTION, (vpmovzxbdInstr), SSE/AVX Instruction, SSE
vpmovzxbq, FUNCTION, (vpmovzxbqInstr), SSE/AVX Instruction, SSE
vpmovzxbw, FUNCTION, (vpmovzxbwInstr), SSE/AVX Instruction, SSE
vpmovzxdq, FUNCTION, (vpmovzxdqInstr), SSE/AVX Instruction, SSE
vpmovzxwd, FUNCTION, (vpmovzxwdInstr), SSE/AVX Instruction, SSE
vpmovzxwq, FUNCTION, (vpmovzxwqInstr), SSE/AVX Instruction, SSE
vpmuldq, FUNCTION, (vpmuldqInstr), SSE/AVX Instruction, SSE
vpmulhrsw, FUNCTION, (vpmulhrswInstr), SSE/AVX Instruction, SSE
vpmulhuw, FUNCTION, (vpmulhuwInstr), SSE/AVX Instruction, SSE
vpmulhw, FUNCTION, (vpmulhwInstr), SSE/AVX Instruction, SSE
vpmulld, FUNCTION, (vpmulldInstr), SSE/AVX Instruction, SSE
vpmullw, FUNCTION, (vpmullwInstr), SSE/AVX Instruction, SSE
vpmuludq, FUNCTION, (vpmuludqInstr), SSE/AVX Instruction, SSE
vpor, FUNCTION, (vporInstr), SSE/AVX Instruction, SSE
vpperm, FUNCTION, (vppermInstr), SSE/AVX Instruction, SSE
vprotb, FUNCTION, (vprotbInstr), SSE/AVX Instruction, SSE
vprotd, FUNCTION, (vprotdInstr), SSE/AVX Instruction, SSE
vprotq, FUNCTION, (vprotqInstr), SSE/AVX Instruction, SSE
vprotw, FUNCTION, (vprotwInstr), SSE/AVX Instruction, SSE
vpsadbw, FUNCTION, (vpsadbwInstr), SSE/AVX Instruction, SSE
vpshab, FUNCTION, (vpshabInstr), SSE/AVX Instruction, SSE
vpshad, FUNCTION, (vpshadInstr), SSE/AVX Instruction, SSE
vpshaq, FUNCTION, (vpshaqInstr), SSE/AVX Instruction, SSE
vpshaw, FUNCTION, (vpshawInstr), SSE/AVX Instruction, SSE
vpshlb, FUNCTION, (vpshlbInstr), SSE/AVX Instruction, SSE
vpshld, FUNCTION, (vpshldInstr), SSE/AVX Instruction, SSE
vpshlq, FUNCTION, (vpshlqInstr), SSE/AVX Instruction, SSE
vpshlw, FUNCTION, (vpshlwInstr), SSE/AVX Instruction, SSE
vpshufb, FUNCTION, (vpshufbInstr), SSE/AVX Instruction, SSE
vpshufd, FUNCTION, (vpshufdInstr), SSE/AVX Instruction, SSE
vpshufhw, FUNCTION, (vpshufhwInstr), SSE/AVX Instruction, SSE
vpshuflw, FUNCTION, (vpshuflwInstr), SSE/AVX Instruction, SSE
vpsignb, FUNCTION, (vpsignbInstr), SSE/AVX Instruction, SSE
vpsignd, FUNCTION, (vpsigndInstr), SSE/AVX Instruction, SSE
vpsignw, FUNCTION, (vpsignwInstr), SSE/AVX Instruction, SSE
vpslld, FUNCTION, (vpslldInstr), SSE/AVX Instruction, SSE
vpslldq, FUNCTION, (vpslldqInstr), SSE/AVX Instruction, SSE
vpsllq, FUNCTION, (vpsllqInstr), SSE/AVX Instruction, SSE
vpsllvd, FUNCTION, (vpsllvdInstr), SSE/AVX Instruction, SSE
vpsllvq, FUNCTION, (vpsllvqInstr), SSE/AVX Instruction, SSE
vpsllw, FUNCTION, (vpsllwInstr), SSE/AVX Instruction, SSE
vpsrad, FUNCTION, (vpsradInstr), SSE/AVX Instruction, SSE
vpsravd, FUNCTION, (vpsravdInstr), SSE/AVX Instruction, SSE
vpsraw, FUNCTION, (vpsrawInstr), SSE/AVX Instruction, SSE
vpsrld, FUNCTION, (vpsrldInstr), SSE/AVX Instruction, SSE
vpsrldq, FUNCTION, (vpsrldqInstr), SSE/AVX Instruction, SSE
vpsrlq, FUNCTION, (vpsrlqInstr), SSE/AVX Instruction, SSE
vpsrlvd, FUNCTION, (vpsrlvdInstr), SSE/AVX Instruction, SSE
vpsrlvq, FUNCTION, (vpsrlvqInstr), SSE/AVX Instruction, SSE
vpsrlw, FUNCTION, (vpsrlwInstr), SSE/AVX Instruction, SSE
vpsubb, FUNCTION, (vpsubbInstr), SSE/AVX Instruction, SSE
vpsubd, FUNCTION, (vpsubdInstr), SSE/AVX Instruction, SSE
vpsubq, FUNCTION, (vpsubqInstr), SSE/AVX Instruction, SSE
vpsubsb, FUNCTION, (vpsubsbInstr), SSE/AVX Instruction, SSE
vpsubsw, FUNCTION, (vpsubswInstr), SSE/AVX Instruction, SSE
vpsubusb, FUNCTION, (vpsubusbInstr), SSE/AVX Instruction, SSE
vpsubusw, FUNCTION, (vpsubuswInstr), SSE/AVX Instruction, SSE
vpsubw, FUNCTION, (vpsubwInstr), SSE/AVX Instruction, SSE
vptest, FUNCTION, (vptestInstr), SSE/AVX Instruction, SSE
vpunpckhbw, FUNCTION, (vpunpckhbwInstr), SSE/AVX Instruction, SSE
vpunpckhdq, FUNCTION, (vpunpckhdqInstr), SSE/AVX Instruction, SSE
vpunpckhqdq, FUNCTION, (vpunpckhqdqInstr), SSE/AVX Instruction, SSE
vpunpckhwd, FUNCTION, (vpunpckhwdInstr), SSE/AVX Instruction, SSE
vpunpcklbw, FUNCTION, (vpunpcklbwInstr), SSE/AVX Instruction, SSE
vpunpckldq, FUNCTION, (vpunpckldqInstr), SSE/AVX Instruction, SSE
vpunpcklqdq, FUNCTION, (vpunpcklqdqInstr), SSE/AVX Instruction, SSE
vpunpcklwd, FUNCTION, (vpunpcklwdInstr), SSE/AVX Instruction, SSE
vpxor, FUNCTION, (vpxorInstr), SSE/AVX Instruction, SSE
vrcpps, FUNCTION, (vrcppsInstr), SSE/AVX Instruction, SSE
vrcpss, FUNCTION, (vrcpssInstr), SSE/AVX Instruction, SSE
vroundpd, FUNCTION, (vroundpdInstr), SSE/AVX Instruction, SSE
vroundps, FUNCTION, (vroundpsInstr), SSE/AVX Instruction, SSE
vroundsd, FUNCTION, (vroundsdInstr), SSE/AVX Instruction, SSE
vroundss, FUNCTION, (vroundssInstr), SSE/AVX Instruction, SSE
vrsqrtps, FUNCTION, (vrsqrtpsInstr), SSE/AVX Instruction, SSE
vrsqrtss, FUNCTION, (vrsqrtssInstr), SSE/AVX Instruction, SSE
vshufpd, FUNCTION, (vshufpdInstr), SSE/AVX Instruction, SSE
vshufps, FUNCTION, (vshufpsInstr), SSE/AVX Instruction, SSE
vsqrtpd, FUNCTION, (vsqrtpdInstr), SSE/AVX Instruction, SSE
vsqrtps, FUNCTION, (vsqrtpsInstr), SSE/AVX Instruction, SSE
vsqrtsd, FUNCTION, (vsqrtsdInstr), SSE/AVX Instruction, SSE
vsqrtss, FUNCTION, (vsqrtssInstr), SSE/AVX Instruction, SSE
vstmxcsr, FUNCTION, (vstmxcsrInstr), SSE/AVX Instruction, SSE
vsubpd, FUNCTION, (vsubpdInstr), SSE/AVX Instruction, SSE
vsubps, FUNCTION, (vsubpsInstr), SSE/AVX Instruction, SSE
vsubsd, FUNCTION, (vsubsdInstr), SSE/AVX Instruction, SSE
vsubss, FUNCTION, (vsubssInstr), SSE/AVX Instruction, SSE
vtestpd, FUNCTION, (vtestpdInstr), SSE/AVX Instruction, SSE
vtestps, FUNCTION, (vtestpsInstr), SSE/AVX Instruction, SSE
vucomisd, FUNCTION, (vucomisdInstr), SSE/AVX Instruction, SSE
vucomiss, FUNCTION, (vucomissInstr), SSE/AVX Instruction, SSE
vunpckhpd, FUNCTION, (vunpckhpdInstr), SSE/AVX Instruction, SSE
vunpckhps, FUNCTION, (vunpckhpsInstr), SSE/AVX Instruction, SSE
vunpcklpd, FUNCTION, (vunpcklpdInstr), SSE/AVX Instruction, SSE
vunpcklps, FUNCTION, (vunpcklpsInstr), SSE/AVX Instruction, SSE
vxorpd, FUNCTION, (vxorpdInstr), SSE/AVX Instruction, SSE
vxorps, FUNCTION, (vxorpsInstr), SSE/AVX Instruction, SSE
vzeroall, FUNCTION, (vzeroallInstr), SSE/AVX Instruction, SSE
vzeroupper, FUNCTION, (vzeroupperInstr), SSE/AVX Instruction, SSE
xgetbv, FUNCTION, (xgetbvInstr), SSE/AVX Instruction, SSE
xorpd, FUNCTION, (xorpdInstr), SSE/AVX Instruction, SSE
xorps, FUNCTION, (xorpsInstr), SSE/AVX Instruction, SSE
xrstor, FUNCTION, (xrstorInstr), SSE/AVX Instruction, SSE
xrstors, FUNCTION, (xrstorsInstr), SSE/AVX Instruction, SSE
xsave, FUNCTION, (xsaveInstr), SSE/AVX Instruction, SSE
xsavec, FUNCTION, (xsavecInstr), SSE/AVX Instruction, SSE
xsaveopt, FUNCTION, (xsaveoptInstr), SSE/AVX Instruction, SSE
xsaves, FUNCTION, (xsavesInstr), SSE/AVX Instruction, SSE
xsetbv, FUNCTION, (xsetbvInstr), SSE/AVX Instruction, SSE
